title,price,option_suffix,sale_price,regular_price,regoptiondesc,saving,offer_valid,comparative_text,sale_option
BabyLove Cosifit Nappies Pk 54-76,$24.00,,,$6.00,Save,$6.00,Offer valid Wed 22 May - Tue 28 May 2024,NA,NA
Bunjie Baby Top To Toe Wash 500ml,$14.00,,,$6.00,Save,$6.00,Offer valid Wed 22 May - Tue 28 May 2024,$2.80 per 100ml,NA
Huggies Baby Wipes Fragrance Free Pk 240,$9.80,,,$4.20,"30% off, Save",$4.20,Offer valid Wed 22 May - Tue 28 May 2024,$4.08 per 100 ea,NA
Huggies Baby Wipes Fragrance Free Pk 400,$12.50,,,$5.50,"30% off, Save",$5.50,Offer valid Wed 22 May - Tue 28 May 2024,$3.13 per 100 ea,NA
Huggies Baby Bio Wipes Pk 64,$4.20,,,$1.80,"30% off, Save",$1.80,Offer valid Wed 22 May - Tue 28 May 2024,$6.56 per 100 ea,NA
Huggies Refillable Baby Wipes Clutch ‘n’ Go Pk 32,$5.60,,,$2.40,"30% off, Save",$2.40,Offer valid Wed 22 May - Tue 28 May 2024,$17.50 per 100 ea,NA
Only Organic Baby Food Pouch 120g,$9.00,,,$1.75,Save,$1.75,Offer valid Wed 22 May - Tue 28 May 2024,$1.50 per 100g,Any 5 for
Only Organic Baby Food Pouch 170g,$2.25,,,$0.75,Save,$0.75,Offer valid Wed 22 May - Tue 28 May 2024,$1.32 per 100g,NA
Alula Gold Stage 3 or 4 Baby Formula 900g – Limit of 2 per Customer,$23.00,,,$2.50,Save,$2.50,Offer valid Wed 22 May - Tue 28 May 2024,$2.56 per 100g,NA
B.Box Sippy Cup Assorted Pk 1,$9.90,,,$6.60,"40% off, Save",$6.60,Offer valid Wed 22 May - Tue 28 May 2024,NA,NA
Tommee Tippee Night Soothers 18-36m Assorted Pk 2,$7.20,,,$4.80,"40% off, Save",$4.80,Offer valid Wed 22 May - Tue 28 May 2024,$3.60 per ea,NA
B.Box Silicone Fresh Food Feeder Assorted Pk 1,$8.40,,,$5.60,"40% off, Save",$5.60,Offer valid Wed 22 May - Tue 28 May 2024,NA,NA
Avent Anti-Colic Baby Feeding Bottles 260ml Pk 2,$13.20,,,$8.80,"40% off, Save",$8.80,Offer valid Wed 22 May - Tue 28 May 2024,$6.60 per ea,NA
Johnson's Bedtime Baby Bath 500ml,$6.60,,,$4.40,Save,$4.40,Offer valid Wed 22 May - Tue 28 May 2024,$1.32 per 100ml,NA
Cetaphil Baby Daily Lotion 400ml,$9.00,,,$6.80,Save,$6.80,Offer valid Wed 22 May - Tue 28 May 2024,$2.25 per 100ml,NA
Huggies Ultimate Nappies Pk 52-72 or Nappy Pants Pk 46-56,$70.00,,,$8.00,Save,$8.00,Offer valid Wed 22 May - Tue 28 May 2024,NA,Any 2 for
Rafferty's Garden Baby Food Pouch 120g,$10.00,,,$7.20,Save,$7.20,Offer valid Wed 22 May - Tue 28 May 2024,$1.04 per 100g,Any 8 for
Karicare Stage 3 or 4 Baby Formula 900g – Limit of 2 per Customer,$17.00,,,$3.00,Save,$3.00,Offer valid Wed 22 May - Tue 28 May 2024,$1.89 per 100g,NA
Babylove Cosifit Nappies Pk 26-48,$16.00,,,$2.00,Save,$2.00,Offer valid Wed 22 May - Tue 28 May 2024,NA,NA
Tommee Tippee The Original Grobag Baby Sleeping Swaddle Bag,$23.95,,,$6.00,"20% off, Save",$6.00,Offer valid Wed 22 May - Tue 28 May 2024,NA,NA
Tip Top English Muffins Varieties Pk 6,$3.00,,,$3.00,"1/2 Price, Save",$3.00,Offer valid Wed 22 May - Tue 28 May 2024,50¢ per ea,NA
Mighty Soft Raisin Toast 600g,$3.50,,,$3.50,"1/2 Price, Save",$3.50,Offer valid Wed 22 May - Tue 28 May 2024,58¢ per 100g,NA
La Famiglia Garlic Slices 270g – From the Fridge,$3.25,,,$3.25,"1/2 Price, Save",$3.25,Offer valid Wed 22 May - Tue 28 May 2024,$1.20 per 100g,NA
Mr Kipling French Fancies Pk 8,$3.25,,,$3.25,"1/2 Price, Save",$3.25,Offer valid Wed 22 May - Tue 28 May 2024,41¢ per ea,NA
Toscano Brioche Rolls Varieties 280g,$5.50,,,$1.00,Save,$1.00,Offer valid Wed 22 May - Tue 28 May 2024,$1.96 per 100g,NA
Woolworths Croissants Pk 4#,$3.50,,,$0.50,Save,$0.50,Offer valid Wed 22 May - Tue 28 May 2024,88¢ per ea,NA
"Choc Chunk, Salted Caramel & Pretzel or Raspberry & White Choc Cookies Pk 5#",$5.00,,,$0.50,Save,$0.50,Offer valid Wed 22 May - Tue 28 May 2024,$1 per ea,NA
Mini Pastry Varieties Pk 8#,$4.00,,,$0.50,Save,$0.50,Offer valid Wed 22 May - Tue 28 May 2024,50¢ per ea,NA
Woolworths Loaded Muffin Varieties Pk 4,$6.50,,,$1.00,Save,$1.00,Offer valid Wed 22 May - Tue 28 May 2024,$1.63 per ea,NA
Golden Crumpet Toast 700g,$5.00,,,$2.00,Save,$2.00,Offer valid Wed 22 May - Tue 28 May 2024,71¢ per 100g,NA
Golden Crumpet Squares 425g Pk 6,$3.00,,,$1.90,Save,$1.90,Offer valid Wed 22 May - Tue 28 May 2024,50¢ per ea,NA
Helga’s Wrap Varieties 445-508g Pk 7-8 – Excludes Lower Carb,$3.50,,,$1.50,Save,$1.50,Offer valid Wed 22 May - Tue 28 May 2024,NA,NA
Plain or Garlic Turkish Loaf Varieties#,$4.00,,,NA,Low Price,NA,Offer valid Wed 22 May - Tue 28 May 2024,NA,NA
Woolworths Mini Dessert Selection Pk 20,$22.00,,,NA,Low Price,NA,Offer valid Wed 22 May - Tue 28 May 2024,$1.10 per ea,NA
Woolworths Soft & Glazed Milk Buns Pk 4,$5.50,,,NA,Low Price,NA,Offer valid Wed 22 May - Tue 28 May 2024,$1.38 per ea,NA
Jumbo Bread Roll Varieties Pk 6# – Excludes Jumbo Brioche Rolls,$3.00,,,NA,Low Price,NA,Offer valid Wed 22 May - Tue 28 May 2024,50¢ per ea,NA
Low Gi Hi Fibre Mini Loaf Varieties 340-370g#,$2.50,,,NA,Low Price,NA,Offer valid Wed 22 May - Tue 28 May 2024,NA,NA
Bread Loaf Varieties 650-700g#,$2.90,,,NA,Low Price,NA,Offer valid Wed 22 May - Tue 28 May 2024,NA,NA
Pane Di Casa Loaf Varieties#,$5.00,,,NA,Low Price,NA,Offer valid Wed 22 May - Tue 28 May 2024,NA,NA
Rustic White Baguette#,$2.50,,,NA,Since 22/2/23,NA,Offer valid Wed 22 May - Tue 28 May 2024,NA,NA
35 Hour Sourdough Loaf Varieties#,$6.50,,,NA,Range since 22/2/23,NA,Offer valid Wed 22 May - Tue 28 May 2024,NA,NA
Cadbury Baking Chips or Melts 200-225g,$3.00,,,$2.00,"40% off, Save",$2.00,Offer valid Wed 22 May - Tue 28 May 2024,NA,NA
Radox Shower Gel 1 Litre,$6.00,,,$6.00,"1/2 Price, Save",$6.00,Offer valid Wed 22 May - Tue 28 May 2024,60¢ per 100ml,NA
Sukin Body Wash 500ml,$4.95,,,$4.95,"1/2 Price, Save",$4.95,Offer valid Wed 22 May - Tue 28 May 2024,99¢ per 100ml,NA
My Soda Body Wash 500ml,$5.00,,,$5.00,"1/2 Price, Save",$5.00,Offer valid Wed 22 May - Tue 28 May 2024,$1 per 100ml,NA
Palmolive Skin Food Body Wash 1 Litre,$7.50,,,$7.50,"1/2 Price, Save",$7.50,Offer valid Wed 22 May - Tue 28 May 2024,75¢ per 100ml,NA
Dermeze Soap Free Body & Face Wash 1 Litre,$10.50,,,$10.50,"1/2 Price, Save",$10.50,Offer valid Wed 22 May - Tue 28 May 2024,$1.05 per 100ml,NA
Anihana Shower Steamer 50g,$2.50,,,$2.50,"1/2 Price, Save",$2.50,Offer valid Wed 22 May - Tue 28 May 2024,$5 per 100g,NA
Rimmel BB Cream SPF15 30ml¥,$8.50,,,$8.50,"1/2 Price, Save",$8.50,Offer valid Wed 22 May - Tue 28 May 2024,$2.83 per 10ml,NA
BiC Soleil Twilight Disposable Razors Pk 4,$3.10,,,$3.10,"1/2 Price, Save",$3.10,Offer valid Wed 22 May - Tue 28 May 2024,78¢ per ea,NA
Thanks To Nature Double Edge Safety Razor,$12.00,,,$12.00,"1/2 Price, Save",$12.00,Offer valid Wed 22 May - Tue 28 May 2024,NA,NA
Thanks To Nature Shampoo or Conditioner 500ml,$9.00,,,$9.00,"1/2 Price, Save",$9.00,Offer valid Wed 22 May - Tue 28 May 2024,$1.80 per 100ml,NA
Rexona Advanced Deodorant 220ml,$4.75,,,$4.75,"1/2 Price, Save",$4.75,Offer valid Wed 22 May - Tue 28 May 2024,$2.16 per 100ml,NA
Lynx Body Spray 165ml,$4.00,,,$4.00,"1/2 Price, Save",$4.00,Offer valid Wed 22 May - Tue 28 May 2024,$2.42 per 100ml,NA
TRESemme Shampoo or Conditioner 940ml,$8.00,,,$8.00,"1/2 Price, Save",$8.00,Offer valid Wed 22 May - Tue 28 May 2024,85¢ per 100ml,NA
Akin Shampoo or Conditioner 375ml,$10.00,,,$10.00,"1/2 Price, Save",$10.00,Offer valid Wed 22 May - Tue 28 May 2024,$2.67 per 100ml,NA
Toni & Guy Shampoo or Conditioner 600ml,$15.00,,,$15.00,"1/2 Price, Save",$15.00,Offer valid Wed 22 May - Tue 28 May 2024,$2.50 per 100ml,NA
Cetaphil Moisturising Lotion 237ml,$10.20,,,$6.80,"40% off, Save",$6.80,Offer valid Wed 22 May - Tue 28 May 2024,$4.30 per 100ml,NA
Schick High Performance 6 Blade Razor Kit,$18.00,,,$18.00,"1/2 Price, Save",$18.00,Offer valid Wed 22 May - Tue 28 May 2024,NA,NA
OC Naturals Body Wash 725ml,$4.00,,,$4.00,"1/2 Price, Save",$4.00,Offer valid Wed 22 May - Tue 28 May 2024,55¢ per 100ml,NA
Aveeno Daily Moisturising Body Wash 532ml,$8.25,,,$8.25,"1/2 Price, Save",$8.25,Offer valid Wed 22 May - Tue 28 May 2024,$1.55 per 100ml,NA
Byron Bath Salts 500g,$5.00,,,$5.00,"1/2 Price, Save",$5.00,Offer valid Wed 22 May - Tue 28 May 2024,$1 per 100g,NA
Glow Lab Body Wash Man 900ml,$9.00,,,$9.00,"1/2 Price, Save",$9.00,Offer valid Wed 22 May - Tue 28 May 2024,$1 per 100ml,NA
Anihana Bath Bomb 180g,$4.00,,,$4.00,"1/2 Price, Save",$4.00,Offer valid Wed 22 May - Tue 28 May 2024,$2.22 per 100g,NA
My Soda Body Wash Refill 700ml,$4.50,,,$4.50,"1/2 Price, Save",$4.50,Offer valid Wed 22 May - Tue 28 May 2024,64¢ per 100ml,NA
Thanks To Nature Shower Oil 250ml,$10.00,,,$10.00,"1/2 Price, Save",$10.00,Offer valid Wed 22 May - Tue 28 May 2024,$4 per 100ml,NA
Palmolive Body Wash 1 Litre,$6.00,,,$6.00,"1/2 Price, Save",$6.00,Offer valid Wed 22 May - Tue 28 May 2024,60¢ per 100ml,NA
Schwarzkopf Live Permanent Hair Colour,$7.50,,,$7.50,"1/2 Price, Save",$7.50,Offer valid Wed 22 May - Tue 28 May 2024,NA,NA
Colgate Total Advanced Toothpaste 200g~,$5.00,,,$5.00,"1/2 Price, Save",$5.00,Offer valid Wed 22 May - Tue 28 May 2024,$2.50 per 100g,NA
St Ives Apricot Fresh Skin Facial Scrub 150ml,$5.75,,,$5.75,"1/2 Price, Save",$5.75,Offer valid Wed 22 May - Tue 28 May 2024,$3.83 per 100ml,NA
Oral-B 5 Way Clean Toothbrush Pk 3,$5.00,,,$5.00,"1/2 Price, Save",$5.00,Offer valid Wed 22 May - Tue 28 May 2024,$1.67 per ea,NA
Garnier Vitamin C Brightening Serum 30ml,$22.20,,,$14.80,"40% off, Save",$14.80,Offer valid Wed 22 May - Tue 28 May 2024,$74 per 100ml,NA
L’Oreal Bright Reveal Dark Spot Serum 30ml,$36.00,,,$24.00,"40% off, Save",$24.00,Offer valid Wed 22 May - Tue 28 May 2024,$120 per 100ml,NA
Palmolive Naturals Body Wash Shower Gel 1 Litre,$6.00,,,$6.00,"1/2 Price, Save",$6.00,Offer valid Wed 22 May - Tue 28 May 2024,60¢ per 100ml,NA
Rexona Women Advanced Protection 72hr Antiperspirant Deodorant 220ml,$4.75,,,$4.75,"1/2 Price, Save",$4.75,Offer valid Wed 22 May - Tue 28 May 2024,$2.16 per 100ml,NA
Rexona Men Advanced Sport Anti Perspirant Aerosol Deodorant 220ml,$4.75,,,$4.75,"1/2 Price, Save",$4.75,Offer valid Wed 22 May - Tue 28 May 2024,$2.16 per 100ml,NA
Rexona Men Advanced Invisible Dry Protection Deodorant 220ml,$4.75,,,$4.75,"1/2 Price, Save",$4.75,Offer valid Wed 22 May - Tue 28 May 2024,$2.16 per 100ml,NA
Le Petit Rose Spritz Can 1x250ml,$4.00,,,NA,NA,NA,Offer valid Wed 22 May - Tue 28 May 2024,NA,NA
Old Fat Unicorn Prosecco Apple Spritzer Bottle 1x300ml,$4.00,,,NA,NA,NA,Offer valid Wed 22 May - Tue 28 May 2024,NA,NA
Bundaberg Campfire Bourbon Barrel Finished Rum & Cola 6% Can 1x375ml,$4.00,,,NA,NA,NA,Offer valid Wed 22 May - Tue 28 May 2024,NA,NA
Suntory -196 Double Peach 6% Can 1x330ml,$4.00,,,NA,NA,NA,Offer valid Wed 22 May - Tue 28 May 2024,NA,NA
Howler Head & Cola Can 1x330ml,$4.00,,,NA,NA,NA,Offer valid Wed 22 May - Tue 28 May 2024,NA,NA
Kirin Hyoketsu Lemon Can 1x330ml,$4.00,,,NA,NA,NA,Offer valid Wed 22 May - Tue 28 May 2024,NA,NA
James Squire Ginger Beer Double 6.0% Can 1x330ml,$4.00,,,NA,NA,NA,Offer valid Wed 22 May - Tue 28 May 2024,NA,NA
Young Henrys Classic Crisp Mid Can 1x375ml,$4.00,,,NA,NA,NA,Offer valid Wed 22 May - Tue 28 May 2024,NA,NA
Squealing Pig Sauvignon Blanc Tropical Wine Spritzer Can 1x250ml,$4.00,,,NA,NA,NA,Offer valid Wed 22 May - Tue 28 May 2024,NA,NA
Noble Fellows Pinot Gris White Peach Spritzer Can 1x250ml,$4.00,,,NA,NA,NA,Offer valid Wed 22 May - Tue 28 May 2024,NA,NA
Vodka Cruiser Cola & Black Cherry OR Cola & Vanilla Bottle 1x275ml,$4.00,,,NA,NA,NA,Offer valid Wed 22 May - Tue 28 May 2024,NA,NA
Victoria Bitter Low Carb Bottle 1x375ml,$4.00,,,NA,NA,NA,Offer valid Wed 22 May - Tue 28 May 2024,NA,NA
Hard Rated Zero Sugar Can 1x375ml,$4.00,,,NA,NA,NA,Offer valid Wed 22 May - Tue 28 May 2024,NA,NA
Maschio Prosecco DOC 750ml,$14.00,,,$16.00,Super Saver,$16.00,Offer valid Wed 22 May - Tue 28 May 2024,NA,NA
St Hallett Faith Shiraz 750ml,$15.00,,,$22.00,Super Saver,$22.00,Offer valid Wed 22 May - Tue 28 May 2024,NA,NA
Tangaroa Sauvignon Blanc 750ml,$12.00,,,$2.00,Save,$2.00,Offer valid Wed 22 May - Tue 28 May 2024,NA,NA
Winesmiths Premium Cask 2 Litre,$13.00,,,$3.00,Save,$3.00,Offer valid Wed 22 May - Tue 28 May 2024,NA,NA
Chivas Regal 13YO American Rye Cask 700ml,$68.00,,,$78.00,Super Saver,$78.00,Offer valid Wed 22 May - Tue 28 May 2024,NA,NA
Don Julio Reposado 38% Tequila 750ml,$99.00,,,$127.00,Super Saver,$127.00,Offer valid Wed 22 May - Tue 28 May 2024,NA,NA
Mishka Blue Vodka 700ml,$43.00,,,$2.00,Save,$2.00,Offer valid Wed 22 May - Tue 28 May 2024,NA,NA
Gentleman Jack 1 Litre,$89.00,,,$18.00,Save,$18.00,Offer valid Wed 22 May - Tue 28 May 2024,NA,NA
Great Northern Super Crisp Bottles 24x330ml,$54.00,,,$5.00,Save,$5.00,Offer valid Wed 22 May - Tue 28 May 2024,NA,NA
James Squire 150 Lashes Pale Ale Bottles 24x330ml,$55.00,,,$5.00,Save,$5.00,Offer valid Wed 22 May - Tue 28 May 2024,NA,NA
Asahi Super Dry Lager Bottles 24x330ml,$59.00,,,$3.00,Save,$3.00,Offer valid Wed 22 May - Tue 28 May 2024,NA,NA
Kopparberg Hard Apple Cider Cans 10x330ml,$23.00,,,$4.00,Save,$4.00,Offer valid Wed 22 May - Tue 28 May 2024,NA,NA
"NEW Brookvale Union Vodka 6% Rum & Cola, Whisky & Dry OR Bourbon & Cola Cans 4x330ml",$24.00,,,NA,NA,NA,Offer valid Wed 22 May - Tue 28 May 2024,NA,NA
Brookvale Union Vodka 6% Lemon Squash OR Tropical Punch Cans 4x330ml,$24.00,,,$28.00,Super Saver,$28.00,Offer valid Wed 22 May - Tue 28 May 2024,NA,NA
Brookvale Union Mixed Pack Cans 10x330ml,$45.00,,,$5.00,Save,$5.00,Offer valid Wed 22 May - Tue 28 May 2024,NA,NA
Oreo Cookies 128-131g,$1.40,,,$1.40,"1/2 Price, Save",$1.40,Offer valid Wed 22 May - Tue 28 May 2024,NA,NA
Cheez-It Snap’d 185g,$3.50,,,$3.50,"1/2 Price, Save",$3.50,Offer valid Wed 22 May - Tue 28 May 2024,$1.89 per 100g,NA
Nice & Natural Nut Butter Bars 175g Pk 5 or Wholeseed Bars 150g Pk 5,$3.25,,,$3.25,"1/2 Price, Save",$3.25,Offer valid Wed 22 May - Tue 28 May 2024,NA,NA
Mamee Monster Rice Sticks 200g – From the Health Food Aisle,$3.75,,,$3.75,"1/2 Price, Save",$3.75,Offer valid Wed 22 May - Tue 28 May 2024,$1.88 per 100g,NA
Violet Crumble Bites 150g,$2.75,,,$2.75,"1/2 Price, Save",$2.75,Offer valid Wed 22 May - Tue 28 May 2024,$1.83 per 100g,NA
Reese’s Miniature Cups 120g,$2.75,,,$2.75,"1/2 Price, Save",$2.75,Offer valid Wed 22 May - Tue 28 May 2024,$2.29 per 100g,NA
Poppin Microwave Popcorn 85-100g,$1.00,,,$1.00,"1/2 Price, Save",$1.00,Offer valid Wed 22 May - Tue 28 May 2024,NA,NA
Smiths Crinkle Cut Chips Or Doritos Corn Chips 60g or Twisties 65-90g,$1.35,,,$1.35,"1/2 Price, Save",$1.35,Offer valid Wed 22 May - Tue 28 May 2024,NA,NA
McVitie’s Go Ahead 174g,$2.20,,,$2.20,"1/2 Price, Save",$2.20,Offer valid Wed 22 May - Tue 28 May 2024,$1.26 per 100g,NA
Kettle Potato Chips 150-165g,$3.60,,,$2.40,"40% off, Save",$2.40,Offer valid Wed 22 May - Tue 28 May 2024,NA,NA
Arnott’s Shapes 160-190g or Shapes Fully Loaded 130g,$3.00,,,$1.00,Save,$1.00,Offer valid Wed 22 May - Tue 28 May 2024,NA,NA
Wallaby Cookie Dough Bites 130g – From the Health Food Aisle,$3.25,,,$3.25,"1/2 Price, Save",$3.25,Offer valid Wed 22 May - Tue 28 May 2024,$2.50 per 100g,NA
Nutella Biscuits 193g,$4.20,,,$1.80,Save,$1.80,Offer valid Wed 22 May - Tue 28 May 2024,$2.18 per 100g,NA
Sanitarium Weet-Bix 1.2 kg,$6.00,,,NA,Low Price,NA,Offer valid Wed 22 May - Tue 28 May 2024,50¢ per 100g,NA
Macro Mini Multigrain Rice Cakes 58g – From the Health Food Aisle,$2.80,,,$0.70,Save,$0.70,Offer valid Wed 22 May - Tue 28 May 2024,$4.83 per 100g,NA
Macro Plantain Chips 85g – From the Health Food Aisle,$3.75,,,$1.25,Save,$1.25,Offer valid Wed 22 May - Tue 28 May 2024,$4.41 per 100g,NA
Macro Mighty Bites 100g Pk 5 – From the Health Food Aisle,$4.00,,,$1.00,Save,$1.00,Offer valid Wed 22 May - Tue 28 May 2024,$4 per 100g,NA
Macro Lentil Bites 108g Pk 6 – From the Health Food Aisle,$5.50,,,NA,NA,NA,Offer valid Wed 22 May - Tue 28 May 2024,$5.09 per 100g,NA
Sanitarium Up & Go or Up & Go Energize Pk 3 x 250ml,$3.25,,,$3.25,"1/2 Price, Save",$3.25,Offer valid Wed 22 May - Tue 28 May 2024,$4.33 per litre,NA
Arnott’s Teeny Tiny Teddy Porridge Sachets 350g Pk 10,$2.85,,,$2.85,"1/2 Price, Save",$2.85,Offer valid Wed 22 May - Tue 28 May 2024,81¢ per 100g,NA
Arnott’s Teeny Tiny Teddy Cereal 350g,$3.20,,,$3.20,"1/2 Price, Save",$3.20,Offer valid Wed 22 May - Tue 28 May 2024,91¢ per 100g,NA
Kellogg’s Nutri-Grain 765g or Coco Pops 650g,$7.50,,,$2.50,Save from,$2.50,Offer valid Wed 22 May - Tue 28 May 2024,NA,NA
Bega Peanut Butter 470g,$5.00,,,$1.40,Save,$1.40,Offer valid Wed 22 May - Tue 28 May 2024,$1.06 per 100g,NA
Carman’s Porridge Sachets 270-320g,$5.50,,,$1.40,Save,$1.40,Offer valid Wed 22 May - Tue 28 May 2024,NA,NA
Carman’s Granola 450g,$6.00,,,$1.50,Save,$1.50,Offer valid Wed 22 May - Tue 28 May 2024,$1.33 per 100g,NA
Suimin Noodle Cups 70g,$1.20,,,$1.20,"1/2 Price, Save",$1.20,Offer valid Wed 22 May - Tue 28 May 2024,$1.71 per 100g,NA
Campbell’s Chunky Soup 505g,$2.25,,,$2.25,"1/2 Price, Save",$2.25,Offer valid Wed 22 May - Tue 28 May 2024,45¢ per 100g,NA
SunRice Basmati Rice 5 kg,$17.50,,,$17.50,"1/2 Price, Save",$17.50,Offer valid Wed 22 May - Tue 28 May 2024,35¢ per 100g,NA
Ingham’s Chicken Chipees or Munchies 1 kg – From the Freezer,$10.00,,,$13.00,Was,$13.00,Offer valid Wed 22 May - Tue 28 May 2024,$10 per kg,NA
McCain Family Pizza 490-500g – From the Freezer,$6.80,,,$1.70,Save,$1.70,Offer valid Wed 22 May - Tue 28 May 2024,NA,NA
Woolworths Everyday Classic Meals 350g – From the Fridge,$14.00,,,$1.00,Save,$1.00,Offer valid Wed 22 May - Tue 28 May 2024,$2 per 100g,Any 2 for
Leggo’s Fresh Pasta Sauce Varieties 450g – From the Fridge,$5.00,,,$2.50,Save,$2.50,Offer valid Wed 22 May - Tue 28 May 2024,$1.11 per 100g,NA
"Potato Utopia Fries, Crunchies or Hash Browns 500-700g",$4.70,,,$2.00,Save,$2.00,Offer valid Wed 22 May - Tue 28 May 2024,NA,NA
Birds Eye Oven Bake Fish 425g,$6.00,,,$6.00,"1/2 Price, Save",$6.00,Offer valid Wed 22 May - Tue 28 May 2024,$14.12 per kg,NA
NEW Ruffie Frozen Meal Bowls 350g,$5.00,,,$7.60,Introductory price,$7.60,Offer valid Wed 22 May - Tue 28 May 2024,$1.43 per 100g,NA
On the Menu Meals 320g,$5.60,,,$1.40,Save,$1.40,Offer valid Wed 22 May - Tue 28 May 2024,$1.75 per 100g,NA
Fitness Outcome Meals 350g,$8.00,,,$1.00,Save,$1.00,Offer valid Wed 22 May - Tue 28 May 2024,$2.29 per 100g,NA
Ben’s Original Microwave Rice 250g,$2.00,,,$2.00,"1/2 Price, Save",$2.00,Offer valid Wed 22 May - Tue 28 May 2024,80¢ per 100g,NA
Edgell Beans 400g,$1.70,,,$0.50,Save,$0.50,Offer valid Wed 22 May - Tue 28 May 2024,43¢ per 100g,NA
Sirena Ready to Eat Meals 170-190g,$3.30,,,$1.00,Save,$1.00,Offer valid Wed 22 May - Tue 28 May 2024,NA,NA
Old El Paso Taco Shells 156g Pk 12,$3.60,,,$0.90,Save,$0.90,Offer valid Wed 22 May - Tue 28 May 2024,$2.31 per 100g,NA
Spam 340g,$5.40,,,$1.40,Save,$1.40,Offer valid Wed 22 May - Tue 28 May 2024,$15.88 per kg,NA
Primo Salami Sticks 90g Pk 5,$3.90,,,$2.60,"40% off, Save",$2.60,Offer valid Wed 22 May - Tue 28 May 2024,$4.33 per 100g,NA
Leggo’s Fresh Filled Pasta Varieties 630g – From the Fridge,$5.50,,,$5.50,"1/2 Price, Save",$5.50,Offer valid Wed 22 May - Tue 28 May 2024,87¢ per 100g,NA
Heinz Ketchup Tomato Sauce 220ml,$2.00,,,$0.50,Save,$0.50,Offer valid Wed 22 May - Tue 28 May 2024,91¢ per 100ml,NA
Heinz American Mustard 220ml,$2.40,,,$0.60,Save,$0.60,Offer valid Wed 22 May - Tue 28 May 2024,$1.09 per 100ml,NA
Red Rock Deli Dips 135g or Obela Hommus Dips 220g,$4.00,,,$1.00,Save from,$1.00,Offer valid Wed 22 May - Tue 28 May 2024,NA,NA
Nando’s Perinaise Mayonnaise Sauce 265g,$3.35,,,$1.45,"30% off, Save",$1.45,Offer valid Wed 22 May - Tue 28 May 2024,$1.26 per 100g,NA
Nando’s Peri-Peri Sauce 250g,$4.75,,,$2.05,"30% off, Save",$2.05,Offer valid Wed 22 May - Tue 28 May 2024,$1.90 per 100g,NA
Kewpie Mayonnaise 300g,$4.30,,,$1.20,Save,$1.20,Offer valid Wed 22 May - Tue 28 May 2024,$1.43 per 100g,NA
Darrell Lea Chocolate Blocks 160-180g,$3.00,,,$3.00,"1/2 Price, Save",$3.00,Offer valid Wed 22 May - Tue 28 May 2024,NA,NA
Life Savers 150-200g or Darrell Lea Nibs 200g,$2.50,,,$2.50,"1/2 Price, Save",$2.50,Offer valid Wed 22 May - Tue 28 May 2024,NA,NA
Cadbury Old Gold 175-180g,$3.00,,,$3.00,"1/2 Price, Save",$3.00,Offer valid Wed 22 May - Tue 28 May 2024,NA,NA
Pascall Choc Bites 120-185g,$2.50,,,$2.50,"1/2 Price, Save",$2.50,Offer valid Wed 22 May - Tue 28 May 2024,NA,NA
Cadbury Baking Chips or Melts 200-225g,$3.00,,,$2.00,"40% off, Save",$2.00,Offer valid Wed 22 May - Tue 28 May 2024,NA,NA
Spice Tailor Asian Meal Kits 275g,$3.10,,,$3.10,"1/2 Price, Save",$3.10,Offer valid Wed 22 May - Tue 28 May 2024,$1.13 per 100g,NA
Nando’s Medium Rub Spice Seasoning 25g,$2.35,,,$1.05,"30% off, Save",$1.05,Offer valid Wed 22 May - Tue 28 May 2024,94¢ per 10g,NA
Nando’s Medium Peri-Peri Quick Marinade 260-270g,$3.20,,,$1.40,"30% off, Save",$1.40,Offer valid Wed 22 May - Tue 28 May 2024,NA,NA
Leggo’s Pasta Sauce 490-500g,$3.40,,,$0.90,Save,$0.90,Offer valid Wed 22 May - Tue 28 May 2024,NA,NA
GEO Extra Virgin Canola Oil 4 Litre,$19.00,,,$19.00,"1/2 Price, Save",$19.00,Offer valid Wed 22 May - Tue 28 May 2024,48¢ per 100ml,NA
Campbell’s Real Stock 1 Litre,$2.25,,,$2.25,"1/2 Price, Save",$2.25,Offer valid Wed 22 May - Tue 28 May 2024,23¢ per 100ml,NA
Mersey Valley Cheddar Varieties 235g – From the Deli,$6.90,,,$3.00,Save,$3.00,Offer valid Wed 22 May - Tue 28 May 2024,$29.36 per kg,NA
Dare Iced Coffee 500ml,$3.30,,,$0.85,Save,$0.85,Offer valid Wed 22 May - Tue 28 May 2024,$6.60 per litre,NA
King Island Cheese 175-200g – From the Deli,$8.90,,,$6.00,Save,$6.00,Offer valid Wed 22 May - Tue 28 May 2024,NA,NA
Western Star Butter 250g,$4.00,,,$1.20,Save,$1.20,Offer valid Wed 22 May - Tue 28 May 2024,$1.60 per 100g,NA
Cheer Cheese Slices 250g Refill Packs,$6.50,,,$0.80,Save,$0.80,Offer valid Wed 22 May - Tue 28 May 2024,$26 per kg,NA
Woolworths Cheese Slices 500g,$7.90,,,$8.40,Range was,$8.40,Offer valid Wed 22 May - Tue 28 May 2024,$15.80 per kg,NA
Hillview Shredded Cheese 700g,$9.50,,,$10.00,Was,$10.00,Offer valid Wed 22 May - Tue 28 May 2024,$13.57 per kg,NA
Gippsland Dairy Twist Yogurt 700g – From the Fridge,$6.30,,,$1.60,Save,$1.60,Offer valid Wed 22 May - Tue 28 May 2024,90¢ per 100g,NA
Siggi’s Yoghurt Pouch 150g – From the Fridge,$1.25,,,$1.25,"1/2 Price, Save",$1.25,Offer valid Wed 22 May - Tue 28 May 2024,83¢ per 100g,NA
Danone YoPRO High Protein Yoghurt Pot 160g – From the Fridge,$2.20,,,$0.80,Save,$0.80,Offer valid Wed 22 May - Tue 28 May 2024,$1.38 per 100g,NA
Tamar Valley Greek Yoghurt 1 kg – From the Fridge,$6.00,,,$2.00,Save,$2.00,Offer valid Wed 22 May - Tue 28 May 2024,60¢ per 100g,NA
Proud & Punch Sticks 420-450ml Pk 6 – From the Freezer,$5.50,,,$3.00,Save,$3.00,Offer valid Wed 22 May - Tue 28 May 2024,NA,NA
Woolworths UHT Full Dairy Milk 1 Litre,$1.60,,,NA,Low Price,NA,Offer valid Wed 22 May - Tue 28 May 2024,$1.60 per litre,NA
Dairy Farmers Thick & Creamy Yoghurt 140-150g – From the Fridge,$1.30,,,$1.30,"1/2 Price, Save",$1.30,Offer valid Wed 22 May - Tue 28 May 2024,NA,NA
La Famiglia Garlic Slices 270g – From the Fridge,$3.25,,,$3.25,"1/2 Price, Save",$3.25,Offer valid Wed 22 May - Tue 28 May 2024,$1.20 per 100g,NA
Mersey Valley Cheddar Varieties 235g – From the Deli,$6.90,,,$3.00,Save,$3.00,Offer valid Wed 22 May - Tue 28 May 2024,$29.36 per kg,NA
Woolworths Everyday Classic Meals 350g – From the Fridge,$14.00,,,$1.00,Save,$1.00,Offer valid Wed 22 May - Tue 28 May 2024,$2 per 100g,Any 2 for
Don Famous Football Hot Dogs Skinless 375g – From the Fridge,$5.00,,,$1.20,Save,$1.20,Offer valid Wed 22 May - Tue 28 May 2024,$13.33 per kg,NA
Leggo’s Fresh Pasta Sauce Varieties 450g – From the Fridge,$5.00,,,$2.50,Save,$2.50,Offer valid Wed 22 May - Tue 28 May 2024,$1.11 per 100g,NA
Bertocchi Gold Bacon Varieties 300-400g – From the Fridge,$8.80,,,$2.20,Save,$2.20,Offer valid Wed 22 May - Tue 28 May 2024,NA,NA
San Marino Sliced Varieties 80-100g – From the Deli,$13.00,,,$2.00,Save,$2.00,Offer valid Wed 22 May - Tue 28 May 2024,NA,Any 2 for
D’Orsogna Middle Bacon Rashers – From the Deli,$14.50,,,$2.50,Save,$2.50,Offer valid Wed 22 May - Tue 28 May 2024,$1.45 per 100g,NA
Primo Danish Salami – Sliced or Shaved – From the Deli,$32.50,,,$4.00,Save,$4.00,Offer valid Wed 22 May - Tue 28 May 2024,$3.25 per 100g,NA
Bertocchi Premium Boneless Leg Ham – Sliced or Shaved – From the Deli,$26.00,,,$31.00,Was,$31.00,Offer valid Wed 22 May - Tue 28 May 2024,$2.60 per 100g,NA
Red Rock Deli Dips 135g or Obela Hommus Dips 220g,$4.00,,,$1.00,Save from,$1.00,Offer valid Wed 22 May - Tue 28 May 2024,NA,NA
Dare Iced Coffee 500ml,$3.30,,,$0.85,Save,$0.85,Offer valid Wed 22 May - Tue 28 May 2024,$6.60 per litre,NA
King Island Cheese 175-200g – From the Deli,$8.90,,,$6.00,Save,$6.00,Offer valid Wed 22 May - Tue 28 May 2024,NA,NA
Western Star Butter 250g,$4.00,,,$1.20,Save,$1.20,Offer valid Wed 22 May - Tue 28 May 2024,$1.60 per 100g,NA
Western Star Spreadable 500g,$6.00,,,$1.00,Save,$1.00,Offer valid Wed 22 May - Tue 28 May 2024,$1.20 per 100g,NA
Cheer Cheese Slices 250g Refill Packs,$6.50,,,$0.80,Save,$0.80,Offer valid Wed 22 May - Tue 28 May 2024,$26 per kg,NA
Woolworths Cheese Slices 500g,$7.90,,,$8.40,Range was,$8.40,Offer valid Wed 22 May - Tue 28 May 2024,$15.80 per kg,NA
Hillview Shredded Cheese 700g,$9.50,,,$10.00,Was,$10.00,Offer valid Wed 22 May - Tue 28 May 2024,$13.57 per kg,NA
Gippsland Dairy Twist Yogurt 700g – From the Fridge,$6.30,,,$1.60,Save,$1.60,Offer valid Wed 22 May - Tue 28 May 2024,90¢ per 100g,NA
Siggi’s Yoghurt Pouch 150g – From the Fridge,$1.25,,,$1.25,"1/2 Price, Save",$1.25,Offer valid Wed 22 May - Tue 28 May 2024,83¢ per 100g,NA
Danone YoPRO High Protein Yoghurt Pot 160g – From the Fridge,$2.20,,,$0.80,Save,$0.80,Offer valid Wed 22 May - Tue 28 May 2024,$1.38 per 100g,NA
Tamar Valley Greek Yoghurt 1 kg – From the Fridge,$6.00,,,$2.00,Save,$2.00,Offer valid Wed 22 May - Tue 28 May 2024,60¢ per 100g,NA
Nakula Coconut Yoghurt 700g – From the Fridge,$7.60,,,$8.50,Range was,$8.50,Offer valid Wed 22 May - Tue 28 May 2024,$1.09 per 100g,NA
Dairy Farmers Thick & Creamy Yoghurt 140-150g – From the Fridge,$1.30,,,$1.30,"1/2 Price, Save",$1.30,Offer valid Wed 22 May - Tue 28 May 2024,NA,NA
Leggo’s Fresh Filled Pasta Varieties 630g – From the Fridge,$5.50,,,$5.50,"1/2 Price, Save",$5.50,Offer valid Wed 22 May - Tue 28 May 2024,87¢ per 100g,NA
Aunt Betty’s Pudding 2 x 95g,$2.45,,,$2.45,"1/2 Price, Save",$2.45,Offer valid Wed 22 May - Tue 28 May 2024,$1.29 per 100g,NA
Woolworths Mini Dessert Selection Pk 20,$22.00,,,NA,Low Price,NA,Offer valid Wed 22 May - Tue 28 May 2024,$1.10 per ea,NA
Sara Lee Tiramisu 415g – From the Freezer,$6.80,,,$1.70,Save,$1.70,Offer valid Wed 22 May - Tue 28 May 2024,$1.64 per 100g,NA
Nescafe Mixers Pk 8-10,$3.80,,,$3.80,"1/2 Price, Save",$3.80,Offer valid Wed 22 May - Tue 28 May 2024,NA,NA
Coca-Cola Soft Drink Varieties 12 x 300ml,$9.50,,,$9.50,"1/2 Price, Save",$9.50,Offer valid Wed 22 May - Tue 28 May 2024,$2.64 per litre,NA
Raw C Coconut Water 1 Litre,$2.75,,,$2.75,"1/2 Price, Save",$2.75,Offer valid Wed 22 May - Tue 28 May 2024,$2.75 per litre,NA
Sanitarium Up & Go or Up & Go Energize Pk 3 x 250ml,$3.25,,,$3.25,"1/2 Price, Save",$3.25,Offer valid Wed 22 May - Tue 28 May 2024,$4.33 per litre,NA
Lavazza Coffee Capsules Pk 10,$3.45,,,$3.45,"1/2 Price, Save",$3.45,Offer valid Wed 22 May - Tue 28 May 2024,35¢ per ea,NA
Schweppes Infused Mineral Water 10 x 375ml,$10.80,,,$7.20,"40% off, Save",$7.20,Offer valid Wed 22 May - Tue 28 May 2024,$2.88 per litre,NA
Coca-Cola Varieties 24 x 375ml,$23.10,,,$15.40,"40% off, Save",$15.40,Offer valid Wed 22 May - Tue 28 May 2024,$2.57 per litre,NA
Powerade Drink Flo Cap or Active Water 600ml,$2.50,,,$1.70,"40% off, Save",$1.70,Offer valid Wed 22 May - Tue 28 May 2024,$4.17 per litre,NA
Pepsi or Schweppes Lemonade Soft Drink Varieties 10 x 375ml,$10.80,,,$7.20,"40% off, Save",$7.20,Offer valid Wed 22 May - Tue 28 May 2024,$2.88 per litre,NA
Red Bull Energy Drink 8 x 250ml,$14.70,,,$6.30,Save,$6.30,Offer valid Wed 22 May - Tue 28 May 2024,$7.35 per litre,NA
Pepsi or Schweppes Lemonade Soft Drink Varieties 30 x 375ml,$23.00,,,$3.00,Save,$3.00,Offer valid Wed 22 May - Tue 28 May 2024,$2.04 per litre,NA
Nescafe Blend 43 Instant Coffee 500g,$18.00,,,$8.00,Save,$8.00,Offer valid Wed 22 May - Tue 28 May 2024,$3.60 per 100g,NA
Nescafe Gold Original Instant Coffee 400g,$19.00,,,$9.00,Save,$9.00,Offer valid Wed 22 May - Tue 28 May 2024,$4.75 per 100g,NA
Dare Iced Coffee 500ml,$3.30,,,$0.85,Save,$0.85,Offer valid Wed 22 May - Tue 28 May 2024,$6.60 per litre,NA
Remedy Kombucha 330ml,$2.90,,,$1.40,Save,$1.40,Offer valid Wed 22 May - Tue 28 May 2024,$8.79 per litre,NA
Kirks Soft Drink Varieties 1.25 Litre,$1.85,,,$0.85,Save,$0.85,Offer valid Wed 22 May - Tue 28 May 2024,$1.48 per litre,NA
NEW Superboost Hydration 500ml,$3.60,,,$4.50,Introductory price,$4.50,Offer valid Wed 22 May - Tue 28 May 2024,$7.20 per litre,NA
Pureharvest Almond Milk 1 Litre,$2.60,,,$1.00,Save,$1.00,Offer valid Wed 22 May - Tue 28 May 2024,$2.60 per litre,NA
NEW Lone Crow Coffee Beans 1 kg,$25.00,,,$40.00,Introductory price,$40.00,Offer valid Wed 22 May - Tue 28 May 2024,$2.50 per 100g,NA
Kirks Soft Drink Can Varieties 10 x 375ml,$8.70,,,$5.80,"40% off, Save",$5.80,Offer valid Wed 22 May - Tue 28 May 2024,$2.32 per litre,NA
V Energy Drink 4 x 250ml,$8.50,,,$2.50,Save,$2.50,Offer valid Wed 22 May - Tue 28 May 2024,$8.50 per litre,NA
NEW L’OR Coffee Mixers 210-250g,$6.25,,,$12.50,Introductory price,$12.50,Offer valid Wed 22 May - Tue 28 May 2024,NA,NA
Bulla Creamy Classics 2 Litre – From the Freezer,$5.50,,,$5.50,"1/2 Price, Save",$5.50,Offer valid Wed 22 May - Tue 28 May 2024,28¢ per 100ml,NA
Ingham’s Chicken Chipees or Munchies 1 kg – From the Freezer,$10.00,,,$13.00,Was,$13.00,Offer valid Wed 22 May - Tue 28 May 2024,$10 per kg,NA
Four’N Twenty Traditional Pie 700g Pk 4 – From the Freezer,$6.30,,,$2.70,Save,$2.70,Offer valid Wed 22 May - Tue 28 May 2024,90¢ per 100g,NA
McCain Family Pizza 490-500g – From the Freezer,$6.80,,,$1.70,Save,$1.70,Offer valid Wed 22 May - Tue 28 May 2024,NA,NA
Patties Party Pack 1.25 kg – From the Freezer,$10.80,,,$7.20,Save,$7.20,Offer valid Wed 22 May - Tue 28 May 2024,86¢ per 100g,NA
"Mr Chen’s Dumplings, Gyoza or Hargow 450-600g – Excludes Gluten Free – From the Freezer",$10.40,,,$13.00,Range was,$13.00,Offer valid Wed 22 May - Tue 28 May 2024,NA,NA
Cadbury Ice Cream Bars or Sticks 300-360ml Pk 4 – From the Freezer,$7.50,,,$3.00,Save,$3.00,Offer valid Wed 22 May - Tue 28 May 2024,NA,NA
Oreo or Milo Family Tubs 1.2 Litre – From the Freezer,$5.00,,,$5.00,"1/2 Price, Save",$5.00,Offer valid Wed 22 May - Tue 28 May 2024,42¢ per 100ml,NA
Sara Lee Tiramisu 415g – From the Freezer,$6.80,,,$1.70,Save,$1.70,Offer valid Wed 22 May - Tue 28 May 2024,$1.64 per 100g,NA
Proud & Punch Sticks 420-450ml Pk 6 – From the Freezer,$5.50,,,$3.00,Save,$3.00,Offer valid Wed 22 May - Tue 28 May 2024,NA,NA
Peters Original Ice Cream 2 Litre – From the Freezer,$4.95,,,$5.50,Range was,$5.50,Offer valid Wed 22 May - Tue 28 May 2024,25¢ per 100ml,NA
"Potato Utopia Fries, Crunchies or Hash Browns 500-700g",$4.70,,,$2.00,Save,$2.00,Offer valid Wed 22 May - Tue 28 May 2024,NA,NA
Birds Eye Oven Bake Fish 425g,$6.00,,,$6.00,"1/2 Price, Save",$6.00,Offer valid Wed 22 May - Tue 28 May 2024,$14.12 per kg,NA
Birds Eye Country Harvest 1 kg,$4.50,,,$2.00,Save,$2.00,Offer valid Wed 22 May - Tue 28 May 2024,$4.50 per kg,NA
NEW Ruffie Frozen Meal Bowls 350g,$5.00,,,$7.60,Introductory price,$7.60,Offer valid Wed 22 May - Tue 28 May 2024,$1.43 per 100g,NA
FroPro Premium Pizza 325g,$9.95,,,$3.00,Save,$3.00,Offer valid Wed 22 May - Tue 28 May 2024,$3.06 per 100g,NA
On the Menu Meals 320g,$5.60,,,$1.40,Save,$1.40,Offer valid Wed 22 May - Tue 28 May 2024,$1.75 per 100g,NA
Fitness Outcome Meals 350g,$8.00,,,$1.00,Save,$1.00,Offer valid Wed 22 May - Tue 28 May 2024,$2.29 per 100g,NA
Tegel Take Outs Chicken Tenders 500g,$12.00,,,$2.00,Save,$2.00,Offer valid Wed 22 May - Tue 28 May 2024,$24 per kg,NA
Just Caught Crumbed or Battered Frozen Seafood 500﻿﻿-800g – Excludes Just Caught Crunchy Battered Whiting Fillets 800g,$13.00,,,$14.00,Range was,$14.00,Offer valid Wed 22 May - Tue 28 May 2024,NA,NA
Heinz Steam Fresh Vegetables 450g,$4.00,,,$4.50,Range was,$4.50,Offer valid Wed 22 May - Tue 28 May 2024,$8.89 per kg,NA
Australian Imperial Mandarins,$3.50,,,NA,NA,NA,Offer valid Wed 22 May - Tue 28 May 2024,NA,NA
Australian Mi Apples,$3.50,,,NA,NA,NA,Offer valid Wed 22 May - Tue 28 May 2024,NA,NA
Australian Sweet Solanato® Tomatoes 200g Punnet or Snackables® Carrots 250g Pack,$3.50,,,NA,NA,NA,Offer valid Wed 22 May - Tue 28 May 2024,NA,NA
VIC Red Seedless Grapes,$4.70,,,NA,NA,NA,Offer valid Wed 22 May - Tue 28 May 2024,NA,NA
Australian Green Kiwifruit,$6.90,,,NA,NA,NA,Offer valid Wed 22 May - Tue 28 May 2024,NA,NA
"Woolworths Australian Kids Mini Apples, Pears or Bananas Pk 5",$2.50,,,$3.50,Was,$3.50,Offer valid Wed 22 May - Tue 28 May 2024,50¢ each,NA
Woolworths Australian Baby Spinach or Baby Spinach & Rocket 120g Pack,$2.20,,,$3.00,Was,$3.00,Offer valid Wed 22 May - Tue 28 May 2024,$18.33 per kg,NA
Australian Brown Onions 1 kg Pack,$2.50,,,$3.60,Was,$3.60,Offer valid Wed 22 May - Tue 28 May 2024,$2.50 per kg,NA
Australian Mashing Potatoes 1.5 kg Pack,$4.50,,,$7.00,Was,$7.00,Offer valid Wed 22 May - Tue 28 May 2024,$3 per kg,NA
"Australian Washed White Baby Potatoes 1 kg Pack, Australian Red Onions 1 kg Pack, Australian Celery Bunch, Australian Carrots 1 kg Pack or Garlic Imported Pk 3",$4.00,,,NA,NA,NA,Offer valid Wed 22 May - Tue 28 May 2024,NA,Any 2 for
Australian Cos Lettuce Hearts Pk 2,$2.50,,,NA,NA,NA,Offer valid Wed 22 May - Tue 28 May 2024,$1.25 each,NA
Australian Cauliflower,$3.90,,,NA,NA,NA,Offer valid Wed 22 May - Tue 28 May 2024,NA,NA
Woolworths COOK Soup Kit Chicken Flavoured Veg 450g Pack,$5.00,,,NA,NA,NA,Offer valid Wed 22 May - Tue 28 May 2024,$11.11 per kg,NA
Birds Eye Country Harvest 1 kg,$4.50,,,$2.00,Save,$2.00,Offer valid Wed 22 May - Tue 28 May 2024,$4.50 per kg,NA
Heinz Steam Fresh Vegetables 450g,$4.00,,,$4.50,Range was,$4.50,Offer valid Wed 22 May - Tue 28 May 2024,$8.89 per kg,NA
Australian Navel Oranges 3 kg Pack,$5.90,,,NA,NA,NA,Offer valid Wed 22 May - Tue 28 May 2024,$1.97 per kg,NA
Swisse Ultiboost Zinc+ Tablets Pk 60*,$9.75,,,$9.75,"1/2 Price, Save",$9.75,Offer valid Wed 22 May - Tue 28 May 2024,$16.25 per 100 ea,NA
Nature’s Way Kids Smart Vita Gummies Vitamin C + Zinc Pk 120*,$15.00,,,$15.00,"1/2 Price, Save",$15.00,Offer valid Wed 22 May - Tue 28 May 2024,$12.50 per 100 ea,NA
Centrum Advance Adult Tablets Pk 120*,$13.50,,,$13.50,"1/2 Price, Save",$13.50,Offer valid Wed 22 May - Tue 28 May 2024,$11.25 per 100 ea,NA
Swisse Ultiboost High Strength Odourless Fish Oil Capsules Pk 400*,$39.75,,,$39.75,"1/2 Price, Save",$39.75,Offer valid Wed 22 May - Tue 28 May 2024,$9.94 per 100 ea,NA
Life-Space Broad Spectrum Probiotic Capsules Pk 40*,$18.00,,,$18.00,"1/2 Price, Save",$18.00,Offer valid Wed 22 May - Tue 28 May 2024,$45 per 100 ea,NA
Blackmores Macu-Vision Tablets Pk 125*,$25.00,,,$25.00,"1/2 Price, Save",$25.00,Offer valid Wed 22 May - Tue 28 May 2024,$20 per 100 ea,NA
Cenovis Sugarless C 500mg Chewable Tablets Pk 160*,$7.25,,,$7.25,"1/2 Price, Save",$7.25,Offer valid Wed 22 May - Tue 28 May 2024,$4.53 per 100 ea,NA
Vital All-In-One Greens Powder 120g*,$18.20,,,$18.20,"1/2 Price, Save",$18.20,Offer valid Wed 22 May - Tue 28 May 2024,$15.17 per 100g,NA
Blackmores Bio C 1000g Tablets Pk 150*,$24.50,,,$24.50,"1/2 Price, Save",$24.50,Offer valid Wed 22 May - Tue 28 May 2024,$16.33 per 100 ea,NA
Swisse Ultiboost Daily Immune Support Tablets Pk 60*,$9.75,,,$9.75,"1/2 Price, Save",$9.75,Offer valid Wed 22 May - Tue 28 May 2024,$16.25 per 100 ea,NA
Nature’s Way Sugarless Vitamin C 500mg Chewable Tablets Pk 300*,$8.40,,,$8.40,"1/2 Price, Save",$8.40,Offer valid Wed 22 May - Tue 28 May 2024,$2.80 per 100 ea,NA
Cenovis Mega C 1000mg Chewable Tablets Pk 100*,$9.00,,,$9.00,"1/2 Price, Save",$9.00,Offer valid Wed 22 May - Tue 28 May 2024,$9 per 100 ea,NA
"Cenovis Echinacea, Garlic, Zinc + C Tablets Pk 125*",$15.50,,,$15.50,"1/2 Price, Save",$15.50,Offer valid Wed 22 May - Tue 28 May 2024,$12.40 per 100 ea,NA
Nature’s Own Double Strength Cold Sore Relief Tablet Pk 50*,$7.25,,,$7.25,"1/2 Price, Save",$7.25,Offer valid Wed 22 May - Tue 28 May 2024,$14.50 per 100 ea,NA
Cenovis Sugarless C 500mg Chewable Tablets Pk 160*,$7.25,,,$7.25,"1/2 Price, Save",$7.25,Offer valid Wed 22 May - Tue 28 May 2024,$4.53 per 100 ea,NA
Cenovis Mega C 1000mg Chewable Tablets Pk 100*,$9.00,,,$9.00,"1/2 Price, Save",$9.00,Offer valid Wed 22 May - Tue 28 May 2024,$9 per 100 ea,NA
Nature's Way High Strength Sleep Ashwagandha Adult Vita Gummies Pk 40*,$12.50,,,$12.50,"1/2 Price, Save",$12.50,Offer valid Wed 22 May - Tue 28 May 2024,$31.25 per 100 ea,NA
Swisse Ultiboost Sleep Tablets Pk 60*,$14.50,,,$14.50,"1/2 Price, Save",$14.50,Offer valid Wed 22 May - Tue 28 May 2024,$24.17 per 100 ea,NA
Blackmores Deep Sleep Tablets Pk 30*,$13.50,,,$13.50,"1/2 Price, Save",$13.50,Offer valid Wed 22 May - Tue 28 May 2024,$45 per 100 ea,NA
Nature's Own Complete Sleep Advanced Tablets Pk 30*,$11.75,,,$11.75,"1/2 Price, Save",$11.75,Offer valid Wed 22 May - Tue 28 May 2024,$39.17 per 100 ea,NA
Blackmores Executive B Vitamin B Stress Support Tablets Pk 125*,$20.00,,,$20.00,"1/2 Price, Save",$20.00,Offer valid Wed 22 May - Tue 28 May 2024,$16 per 100 ea,NA
Life-Space Pregnancy & Breastfeeding Pk 30*,$16.00,,,$16.00,"1/2 Price, Save",$16.00,Offer valid Wed 22 May - Tue 28 May 2024,$53.33 per 100 ea,NA
Blackmores Pregnancy Gold Capsules Pk 120*,$25.00,,,$25.00,"1/2 Price, Save",$25.00,Offer valid Wed 22 May - Tue 28 May 2024,$20.83 per 100 ea,NA
Blackmores Bio Iron Advanced Tablets Pk 30*,$10.00,,,$10.00,"1/2 Price, Save",$10.00,Offer valid Wed 22 May - Tue 28 May 2024,$33.33 per 100 ea,NA
Nature’s Way Women’s Multivitamin Vita Gummies Pk 100~,$12.00,,,$12.00,"1/2 Price, Save",$12.00,Offer valid Wed 22 May - Tue 28 May 2024,$12 per 100 ea,NA
Swisse Ultiboost Iron Tablets Pk 30*,$6.75,,,$6.75,"1/2 Price, Save",$6.75,Offer valid Wed 22 May - Tue 28 May 2024,$22.50 per 100 ea,NA
Nature’s Way Vitamin C Vita Gummies for Adults Pk 120~,$12.00,,,$12.00,"1/2 Price, Save",$12.00,Offer valid Wed 22 May - Tue 28 May 2024,$10 per 100 ea,NA
Swisse Women's Multivitamin Pk 100*,$27.00,,,$27.00,"1/2 Price, Save",$27.00,Offer valid Wed 22 May - Tue 28 May 2024,$27 per 100 ea,NA
"Nature’s Way Vita Gummies Hair, Skin & Nails Pk 60~",$12.00,,,$12.00,"1/2 Price, Save",$12.00,Offer valid Wed 22 May - Tue 28 May 2024,$20 per 100 ea,NA
Blackmores Evening Primrose Oil Capsules Pk 125*,$15.00,,,$15.00,"1/2 Price, Save",$15.00,Offer valid Wed 22 May - Tue 28 May 2024,$12 per 100 ea,NA
Swisse Ultiboost Magnesium Gummies Pk 60~,$14.75,,,$14.75,"1/2 Price, Save",$14.75,Offer valid Wed 22 May - Tue 28 May 2024,$24.58 per 100 ea,NA
Nature’s Own Vitamin B12 1000mg Tablets Pk 60*,$9.00,,,$9.00,"1/2 Price, Save",$9.00,Offer valid Wed 22 May - Tue 28 May 2024,$15 per 100 ea,NA
Swisse Probiotic + Prebiotic Gummies Pk 45~,$14.75,,,$14.75,"1/2 Price, Save",$14.75,Offer valid Wed 22 May - Tue 28 May 2024,$32.78 per 100 ea,NA
Blackmores Omega Triple Super Strength Fish Oil Capsules Pk 60*,$20.00,,,$20.00,"1/2 Price, Save",$20.00,Offer valid Wed 22 May - Tue 28 May 2024,$33.33 per 100 ea,NA
Swisse Ultiboost Calm + Sleep Gummies Pk 60~,$14.75,,,$14.75,"1/2 Price, Save",$14.75,Offer valid Wed 22 May - Tue 28 May 2024,$24.58 per 100 ea,NA
Nature's Way Kids Smart Vita Gummies Immune Defence Pk 120*,$15.00,,,$15.00,"1/2 Price, Save",$15.00,Offer valid Wed 22 May - Tue 28 May 2024,$12.50 per 100 ea,NA
Blackmores Bio C 1000mg Tablets Pk 150~,$24.50,,,$24.50,"1/2 Price, Save",$24.50,Offer valid Wed 22 May - Tue 28 May 2024,$16.33 per 100 ea,NA
Nature’s Way Multivitamin Vita Gummies Pk 120*,$12.00,,,$12.00,"1/2 Price, Save",$12.00,Offer valid Wed 22 May - Tue 28 May 2024,$10 per 100 ea,NA
Nature’s Way Kids Multivitamin Vita Gummies Pk 120~,$15.00,,,$15.00,"1/2 Price, Save",$15.00,Offer valid Wed 22 May - Tue 28 May 2024,$12.50 per 100 ea,NA
Nature’s Way Magnesium Vita Gummies Pk 80*,$12.00,,,$12.00,"1/2 Price, Save",$12.00,Offer valid Wed 22 May - Tue 28 May 2024,$15 per 100 ea,NA
Cenovis Mega C 1000mg Chewable Tablets Pk 60~,$6.75,,,$6.75,"1/2 Price, Save",$6.75,Offer valid Wed 22 May - Tue 28 May 2024,$11.25 per 100 ea,NA
Swisse Apple Cider Vinegar + Fibre Gummies Pk 45*,$14.75,,,$14.75,"1/2 Price, Save",$14.75,Offer valid Wed 22 May - Tue 28 May 2024,$32.78 per 100 ea,NA
Cenovis Sugarless C 500mg Chewable Tablets Pk 300~,$9.25,,,$9.25,"1/2 Price, Save",$9.25,Offer valid Wed 22 May - Tue 28 May 2024,$3.08 per 100 ea,NA
Nature’s Way Kids Smart Omega Vita Gummies Pk 120*,$15.00,,,$15.00,"1/2 Price, Save",$15.00,Offer valid Wed 22 May - Tue 28 May 2024,$12.50 per 100 ea,NA
Vital All In One Greens Powder 300g~,$30.00,,,$30.00,"1/2 Price, Save",$30.00,Offer valid Wed 22 May - Tue 28 May 2024,$10 per 100g,NA
Swisse Ultiboost Iron Gummies Pk 50*,$14.75,,,$14.75,"1/2 Price, Save",$14.75,Offer valid Wed 22 May - Tue 28 May 2024,$29.50 per 100 ea,NA
Swisse Ultiboost Magnesium Tablets Pk 200~,$23.00,,,$23.00,"1/2 Price, Save",$23.00,Offer valid Wed 22 May - Tue 28 May 2024,$11.50 per 100 ea,NA
Swisse Kids Multi Gummies Pk 120*,$17.50,,,$17.50,"1/2 Price, Save",$17.50,Offer valid Wed 22 May - Tue 28 May 2024,$14.58 per 100 ea,NA
Life-Space Broad Spectrum Probiotic Capsules Pk 90~,$35.00,,,$35.00,"1/2 Price, Save",$35.00,Offer valid Wed 22 May - Tue 28 May 2024,$38.89 per 100 ea,NA
Swisse Ultiboost Sleep Tablets Pk 100*,$24.75,,,$24.75,"1/2 Price, Save",$24.75,Offer valid Wed 22 May - Tue 28 May 2024,$24.75 per 100 ea,NA
Blackmores Fish Oil 1000mg Capsules Pk 400~,$27.50,,,$27.50,"1/2 Price, Save",$27.50,Offer valid Wed 22 May - Tue 28 May 2024,$6.88 per 100 ea,NA
Swisse Ultiboost Calcium + Vitamin D Capsules Pk 150*,$17.50,,,$17.50,"1/2 Price, Save",$17.50,Offer valid Wed 22 May - Tue 28 May 2024,$11.67 per 100 ea,NA
Caltrate Bone & Muscle Health Tablets Pk 100~,$10.50,,,$10.50,"1/2 Price, Save",$10.50,Offer valid Wed 22 May - Tue 28 May 2024,$10.50 per 100 ea,NA
Swisse Ultiboost Liver Detox Tablets Pk 120*,$23.00,,,$23.00,"1/2 Price, Save",$23.00,Offer valid Wed 22 May - Tue 28 May 2024,$19.17 per 100 ea,NA
Blackmores Glucosamine 1500mg Tablets Pk 150~,$24.00,,,$24.00,"1/2 Price, Save",$24.00,Offer valid Wed 22 May - Tue 28 May 2024,$16 per 100 ea,NA
"Blackmores Nails, Hair & Skin Tablets Pk 60*",$10.00,,,$10.00,"1/2 Price, Save",$10.00,Offer valid Wed 22 May - Tue 28 May 2024,$16.67 per 100 ea,NA
Blackmores Bio Magnesium Tablets Pk 150~,$20.00,,,$20.00,"1/2 Price, Save",$20.00,Offer valid Wed 22 May - Tue 28 May 2024,$13.33 per 100 ea,NA
Swisse Beauty Collagen + Hyaluronic Acid Booster Tablets Pk 80*,$22.50,,,$22.50,"1/2 Price, Save",$22.50,Offer valid Wed 22 May - Tue 28 May 2024,$28.13 per 100 ea,NA
Nature’s Way Magnesium Tablets Pk 150~,$12.00,,,$12.00,"1/2 Price, Save",$12.00,Offer valid Wed 22 May - Tue 28 May 2024,$8 per 100 ea,NA
Nature’s Way Beauty Collagen Tablets Pk 120*,$25.00,,,$25.00,"1/2 Price, Save",$25.00,Offer valid Wed 22 May - Tue 28 May 2024,$20.83 per 100 ea,NA
Nature’s Own Glucosamine Sulfate with Chondroitin Pk 200~,$17.00,,,$17.00,"1/2 Price, Save",$17.00,Offer valid Wed 22 May - Tue 28 May 2024,$8.50 per 100 ea,NA
Nature’s Way Beauty Collagen Mature Skin Gummies Pk 40*,$13.00,,,$13.00,"1/2 Price, Save",$13.00,Offer valid Wed 22 May - Tue 28 May 2024,$32.50 per 100 ea,NA
Ostelin Vitamin D3 1000iu Capsules Pk 130~,$13.90,,,$13.95,"1/2 Price, Save",$13.95,Offer valid Wed 22 May - Tue 28 May 2024,$10.69 per 100 ea,NA
Nature’s Way Glucosamine 1500 Joint Repair Tablets Pk 180*,$20.00,,,$20.00,"1/2 Price, Save",$20.00,Offer valid Wed 22 May - Tue 28 May 2024,$11.11 per 100 ea,NA
Voost Vitamin C Effervescent Tablets Pk 20~,$5.50,,,$5.50,"1/2 Price, Save",$5.50,Offer valid Wed 22 May - Tue 28 May 2024,$27.50 per 100 ea,NA
Ostelin Vitamin D & Calcium Chewable Tablets Pk 60*,$8.75,,,$8.80,"1/2 Price, Save",$8.80,Offer valid Wed 22 May - Tue 28 May 2024,$14.58 per 100 ea,NA
Voost Multivitamin Effervescent Tablets Pk 20~,$5.50,,,$5.50,"1/2 Price, Save",$5.50,Offer valid Wed 22 May - Tue 28 May 2024,$27.50 per 100 ea,NA
Ostelin Vitamin D & Calcium Tablets Pk 130*,$13.90,,,$13.95,"1/2 Price, Save",$13.95,Offer valid Wed 22 May - Tue 28 May 2024,$10.69 per 100 ea,NA
Nature’s Own Magnesium + Energy Effervescent Tablets Pk 20~,$6.00,,,$6.00,"1/2 Price, Save",$6.00,Offer valid Wed 22 May - Tue 28 May 2024,$30 per 100 ea,NA
Swisse Ultiboost Vitamin D Capsules Pk 250*,$14.75,,,$14.75,"1/2 Price, Save",$14.75,Offer valid Wed 22 May - Tue 28 May 2024,$5.90 per 100 ea,NA
Nature’s Own Magnesium + Sleep Effervescent Tablets Pk 20~,$6.00,,,$6.00,"1/2 Price, Save",$6.00,Offer valid Wed 22 May - Tue 28 May 2024,$30 per 100 ea,NA
Caltrate Bone & Muscle Health Tablets Pk 60*,$7.24,,,$7.25,"1/2 Price, Save",$7.25,Offer valid Wed 22 May - Tue 28 May 2024,$12.07 per 100 ea,NA
Swisse Ultivite Men’s Multivitamin Tablets Pk 60~,$19.75,,,$19.75,"1/2 Price, Save",$19.75,Offer valid Wed 22 May - Tue 28 May 2024,$32.92 per 100 ea,NA
Caltrate Bone & Muscle Health 50+ Tablets Pk 100*,$10.50,,,$10.50,"1/2 Price, Save",$10.50,Offer valid Wed 22 May - Tue 28 May 2024,$10.50 per 100 ea,NA
Swisse Ultivite Men’s Multivitamin Tablets Pk 100~,$27.00,,,$27.00,"1/2 Price, Save",$27.00,Offer valid Wed 22 May - Tue 28 May 2024,$27 per 100 ea,NA
Nature’s Way Restore Probiotic Capsules Pk 90*,$25.00,,,$25.00,"1/2 Price, Save",$25.00,Offer valid Wed 22 May - Tue 28 May 2024,$27.78 per 100 ea,NA
Centrum Advance 50+ Adult Multivitamin Tablets Pk 120~,$13.50,,,$13.50,"1/2 Price, Save",$13.50,Offer valid Wed 22 May - Tue 28 May 2024,$11.25 per 100 ea,NA
Blackmores Probiotics+ Daily Health Capsules Pk 30*,$17.50,,,$17.50,"1/2 Price, Save",$17.50,Offer valid Wed 22 May - Tue 28 May 2024,$58.33 per 100 ea,NA
Centrum For Women 50+ Multivitamin Tablets Pk 60~,$10.99,,,$11.00,"1/2 Price, Save",$11.00,Offer valid Wed 22 May - Tue 28 May 2024,$18.32 per 100 ea,NA
Swisse Ultiboost Liver Detox Tablets Pk 60*,$11.00,,,$11.00,"1/2 Price, Save",$11.00,Offer valid Wed 22 May - Tue 28 May 2024,$18.33 per 100 ea,NA
Inner Health Plus Double Strength Capsules Pk 20*,$16.50,,,$16.50,"1/2 Price, Save",$16.50,Offer valid Wed 22 May - Tue 28 May 2024,$82.50 per 100 ea,NA
Swisse Ultiboost High Strength Magnesium Powder 180g*,$17.50,,,$17.50,"1/2 Price, Save",$17.50,Offer valid Wed 22 May - Tue 28 May 2024,$9.72 per 100g,NA
Blackmores Super Magnesium+ Tablets Pk 100*,$17.00,,,$17.00,"1/2 Price, Save",$17.00,Offer valid Wed 22 May - Tue 28 May 2024,$17 per 100 ea,NA
Cenovis Magnesium Tablets Pk 200*,$13.50,,,$13.50,"1/2 Price, Save",$13.50,Offer valid Wed 22 May - Tue 28 May 2024,$6.75 per 100 ea,NA
Nature’s Way Magnesium + Turmeric Tablets Pk 150*,$19.00,,,$19.00,"1/2 Price, Save",$19.00,Offer valid Wed 22 May - Tue 28 May 2024,$12.67 per 100 ea,NA
Tena Plus Night Pants Pk 12,$15.30,,,$6.60,"30% off, Save",$6.60,Offer valid Wed 22 May - Tue 28 May 2024,$1.28 per ea,NA
Libra Ultra Thin Pads Pk 10-14,$3.50,,,$1.50,Save,$1.50,Offer valid Wed 22 May - Tue 28 May 2024,NA,NA
Quick-Eze Heartburn & Indigestion Relief Chewable Tablets Pk 24*,$8.10,,,$0.90,Save,$0.90,Offer valid Wed 22 May - Tue 28 May 2024,34¢ per ea,NA
Vicks VapoDrops & Cough Sore Throat Lozenges Honey Lemon Pk 36*,$8.70,,,$2.20,Save,$2.20,Offer valid Wed 22 May - Tue 28 May 2024,24¢ per ea,NA
Strepsils Extra Honey & Lemon Sore Throat Fast Numb Lozenges Pk 16*,$8.50,,,$1.00,Save,$1.00,Offer valid Wed 22 May - Tue 28 May 2024,53¢ per ea,NA
Demazin Kids 2+ Cold & Flu + Immune Defence Oral Liquid 200ml*,$15.20,,,$3.80,Save,$3.80,Offer valid Wed 22 May - Tue 28 May 2024,$7.60 per 100ml,NA
Vicks Vaposhower Tablets Pk 3*,$7.90,,,$2.00,Save,$2.00,Offer valid Wed 22 May - Tue 28 May 2024,$2.63 per ea,NA
Difflam Dual Action Antibacterial Lozenges Pk 32*,$10.00,,,$2.50,Save,$2.50,Offer valid Wed 22 May - Tue 28 May 2024,31¢ per ea,NA
Demazin Cold & Flu Relief Tablets Pk 16*,$9.60,,,$2.40,Save,$2.40,Offer valid Wed 22 May - Tue 28 May 2024,60¢ per ea,NA
Nestle Soothers Honey & Lemon Herbal Throat Drops Pk 18*,$4.40,,,$1.10,Save,$1.10,Offer valid Wed 22 May - Tue 28 May 2024,24¢ per ea,NA
Flo Sinus Care Starter Kit*,$11.00,,,$2.00,Save,$2.00,Offer valid Wed 22 May - Tue 28 May 2024,NA,NA
Betadine Throat Gargle 120ml*,$13.60,,,$3.40,Save,$3.40,Offer valid Wed 22 May - Tue 28 May 2024,$11.33 per 100ml,NA
Colgate Total Advanced Toothpaste 200g~,$5.00,,,$5.00,"1/2 Price, Save",$5.00,Offer valid Wed 22 May - Tue 28 May 2024,$2.50 per 100g,NA
TOM Organic Tampons Pk 16~,$4.20,,,$1.80,Save,$1.80,Offer valid Wed 22 May - Tue 28 May 2024,26¢ per ea,NA
Panadol Rapid For Fast Pain Relief With Paracetamol 500mg Pk 20#,$5.50,,,$1.00,Save,$1.00,Offer valid Wed 22 May - Tue 28 May 2024,28¢ per ea,NA
Strepsils Double Antibacterial Soothing Throat Lozenge Honey & Lemon Pk 36#,$10.50,,,$2.00,Save,$2.00,Offer valid Wed 22 May - Tue 28 May 2024,29¢ per ea,NA
Pro Live Fermented Probiotic Drink Pk 10,$3.30,,,$3.30,"1/2 Price, Save",$3.30,Offer valid Wed 22 May - Tue 28 May 2024,52¢ per 100ml,NA
Wallaby Cookie Dough Bites 130g – From the Health Food Aisle,$3.25,,,$3.25,"1/2 Price, Save",$3.25,Offer valid Wed 22 May - Tue 28 May 2024,$2.50 per 100g,NA
Macro Mini Multigrain Rice Cakes 58g – From the Health Food Aisle,$2.80,,,$0.70,Save,$0.70,Offer valid Wed 22 May - Tue 28 May 2024,$4.83 per 100g,NA
Macro Plantain Chips 85g – From the Health Food Aisle,$3.75,,,$1.25,Save,$1.25,Offer valid Wed 22 May - Tue 28 May 2024,$4.41 per 100g,NA
Macro Mighty Bites 100g Pk 5 – From the Health Food Aisle,$4.00,,,$1.00,Save,$1.00,Offer valid Wed 22 May - Tue 28 May 2024,$4 per 100g,NA
Macro Lentil Bites 108g Pk 6 – From the Health Food Aisle,$5.50,,,NA,NA,NA,Offer valid Wed 22 May - Tue 28 May 2024,$5.09 per 100g,NA
+Sum Plant Protein Bar 60g~,$2.00,,,$2.00,"1/2 Price, Save",$2.00,Offer valid Wed 22 May - Tue 28 May 2024,$3.33 per 100g,NA
+Sum Whey Protein Bar 60g~,$2.00,,,$2.00,"1/2 Price, Save",$2.00,Offer valid Wed 22 May - Tue 28 May 2024,$3.33 per 100g,NA
Jelly Belly 3D Car Air Freshener,$3.50,,,$3.50,"1/2 Price, Save",$3.50,Offer valid Wed 22 May - Tue 28 May 2024,NA,NA
Energizer Max Plus AA or AAA Pk 10,$11.25,,,$11.25,"1/2 Price, Save",$11.25,Offer valid Wed 22 May - Tue 28 May 2024,$1.13 per ea,NA
Armor All Ultra Shine Wash & Wax 1 Litre,$6.25,,,$6.25,"1/2 Price, Save",$6.25,Offer valid Wed 22 May - Tue 28 May 2024,63¢ per 100ml,NA
Mirabella Genio WiFi Dimmable 9W LED GLS Bayonet Cap Each,$13.00,,,$13.00,"1/2 Price, Save",$13.00,Offer valid Wed 22 May - Tue 28 May 2024,NA,NA
Sistema Klip It Plus Rectangle 2.2 Litre Pk 2,$6.70,,,$6.70,"1/2 Price, Save",$6.70,Offer valid Wed 22 May - Tue 28 May 2024,$3.35 per ea,NA
Sistema Ultra Tritan Square Lg 1.4 Litre,$7.85,,,$7.85,"1/2 Price, Save",$7.85,Offer valid Wed 22 May - Tue 28 May 2024,NA,NA
Sistema Nest It Container 870ml Pk 5,$8.00,,,$8.00,"1/2 Price, Save",$8.00,Offer valid Wed 22 May - Tue 28 May 2024,$1.60 per ea,NA
Sistema Bottle Quick Flip 800ml Assorted,$6.62,,,$6.63,"1/2 Price, Save",$6.63,Offer valid Wed 22 May - Tue 28 May 2024,NA,NA
Mirabella Genio WiFi Dimmable 9W LED GLS Edison Screw,$13.00,,,$13.00,"1/2 Price, Save",$13.00,Offer valid Wed 22 May - Tue 28 May 2024,NA,NA
Mirabella Genio WiFi Dimmable 5W LED Candle Small Edison Screw,$12.50,,,$12.50,"1/2 Price, Save",$12.50,Offer valid Wed 22 May - Tue 28 May 2024,NA,NA
Mirabella Genio WiFi Dimmable 5W LED Round Bayonet Cap,$12.50,,,$12.50,"1/2 Price, Save",$12.50,Offer valid Wed 22 May - Tue 28 May 2024,NA,NA
Mirabella Genio WiFi Dimmable 6W LED Downlight 240V GU10,$12.50,,,$12.50,"1/2 Price, Save",$12.50,Offer valid Wed 22 May - Tue 28 May 2024,NA,NA
Mirabella Genio WiFi Dimmable 5W LED Candle Bayonet Cap,$12.50,,,$12.50,"1/2 Price, Save",$12.50,Offer valid Wed 22 May - Tue 28 May 2024,NA,NA
Lavazza Voicy Black A Modo Mio Coffee Machine,$79.00,,,$20.00,"20% off, Save",$20.00,Offer valid Wed 22 May - Tue 28 May 2024,NA,NA
Advwin Electric Heated Towel Rack,$76.72,,,$19.18,"20% off, Save",$19.18,Offer valid Wed 22 May - Tue 28 May 2024,NA,NA
Accessorize Luxury 1900TC Cotton Rich Sheet Set – King,$39.00,,,$20.95,"Over 30% off, Save",$20.95,Offer valid Wed 22 May - Tue 28 May 2024,NA,NA
Royal Comfort Bamboo Quilt 350GSM – Queen,$39.00,,,$5.95,Save,$5.95,Offer valid Wed 22 May - Tue 28 May 2024,NA,NA
Dr Dunk Adjustable Basketball Hoop,$119.00,,,$45.00,"Over 25% off, Save",$45.00,Offer valid Wed 22 May - Tue 28 May 2024,NA,NA
Kodak Cherish C120 Smart Video Baby Monitor,$59.00,,,$20.95,"Over 25% off, Save",$20.95,Offer valid Wed 22 May - Tue 28 May 2024,NA,NA
Duck Fresh Discs Toilet Cleaner 36ml,$3.65,,,$3.65,"1/2 Price, Save",$3.65,Offer valid Wed 22 May - Tue 28 May 2024,$10.14 per 100ml,NA
Air Wick Odour Neutralising Air Spray 236ml,$4.00,,,$4.00,"1/2 Price, Save",$4.00,Offer valid Wed 22 May - Tue 28 May 2024,$1.69 per 100ml,NA
Palmolive Ultra Dishwashing Liquid 950ml,$4.25,,,$4.25,"1/2 Price, Save",$4.25,Offer valid Wed 22 May - Tue 28 May 2024,45¢ per 100ml,NA
Pine O Cleen Brand New Day Wipes Pk 110,$6.00,,,$6.00,"1/2 Price, Save",$6.00,Offer valid Wed 22 May - Tue 28 May 2024,5¢ per ea,NA
Botanica Reed Diffuser 80ml,$10.00,,,$10.00,"1/2 Price, Save",$10.00,Offer valid Wed 22 May - Tue 28 May 2024,$1.25 per 10ml,NA
Dynamo Professional Laundry Capsules Pk 28,$16.00,,,$16.00,"1/2 Price, Save",$16.00,Offer valid Wed 22 May - Tue 28 May 2024,57¢ per ea,NA
Ka Pod Laundry Capsules Pk 45,$18.00,,,$18.00,"1/2 Price, Save",$18.00,Offer valid Wed 22 May - Tue 28 May 2024,40¢ per ea,NA
Finish Ultimate Material Care Dishwasher Tablets Pk 52,$29.00,,,$29.00,"1/2 Price, Save",$29.00,Offer valid Wed 22 May - Tue 28 May 2024,56¢ per ea,NA
OMO Active Clean Laundry Powder 2 kg,$14.00,,,$14.00,"1/2 Price, Save",$14.00,Offer valid Wed 22 May - Tue 28 May 2024,$7 per kg,NA
OMO Active Clean Laundry Liquid 2 Litre,$14.00,,,$14.00,"1/2 Price, Save",$14.00,Offer valid Wed 22 May - Tue 28 May 2024,$7 per litre,NA
OMO Active 3 in 1 Laundry Capsules Pk 28,$14.00,,,$14.00,"1/2 Price, Save",$14.00,Offer valid Wed 22 May - Tue 28 May 2024,50¢ per ea,NA
Old El Paso Taco Shells 156g Pk 12,$3.60,,,$0.90,Save,$0.90,Offer valid Wed 22 May - Tue 28 May 2024,$2.31 per 100g,NA
Western Star Spreadable 500g,$6.00,,,$1.00,Save,$1.00,Offer valid Wed 22 May - Tue 28 May 2024,$1.20 per 100g,NA
Bega Peanut Butter 470g,$5.00,,,$1.40,Save,$1.40,Offer valid Wed 22 May - Tue 28 May 2024,$1.06 per 100g,NA
Woolworths COOK Pork Ribs in BBQ Sauce 650g,$10.00,,,$4.00,Save,$4.00,Offer valid Wed 22 May - Tue 28 May 2024,$15.38 per kg,NA
Bertocchi Gold Bacon Varieties 300-400g – From the Fridge,$8.80,,,$2.20,Save,$2.20,Offer valid Wed 22 May - Tue 28 May 2024,NA,NA
San Marino Sliced Varieties 80-100g – From the Deli,$13.00,,,$2.00,Save,$2.00,Offer valid Wed 22 May - Tue 28 May 2024,NA,Any 2 for
D’Orsogna Middle Bacon Rashers – From the Deli,$14.50,,,$2.50,Save,$2.50,Offer valid Wed 22 May - Tue 28 May 2024,$1.45 per 100g,NA
Primo Danish Salami – Sliced or Shaved – From the Deli,$32.50,,,$4.00,Save,$4.00,Offer valid Wed 22 May - Tue 28 May 2024,$3.25 per 100g,NA
Bertocchi Premium Boneless Leg Ham – Sliced or Shaved – From the Deli,$26.00,,,$31.00,Was,$31.00,Offer valid Wed 22 May - Tue 28 May 2024,$2.60 per 100g,NA
Australian Beef Oyster Blade Steak Bulk Pack,$17.50,,,$4.00,Save,$4.00,Offer valid Wed 22 May - Tue 28 May 2024,NA,NA
Woolworths Boneless Kyiv Varieties 700g with RSPCA Approved Chicken – From the Meat Dept,$8.50,,,$1.00,Save,$1.00,Offer valid Wed 22 May - Tue 28 May 2024,$12.14 per kg,NA
"Peppercorn Extra Lean Sausages, Burgers or Meatballs 450-500g",$9.00,,,$1.00,Save,$1.00,Offer valid Wed 22 May - Tue 28 May 2024,NA,NA
Woolworths Lamb Leg Steak 540g,$12.00,,,$2.00,Save,$2.00,Offer valid Wed 22 May - Tue 28 May 2024,$22.22 per kg,NA
Australian Pork Rashers,$18.00,,,$3.00,Save,$3.00,Offer valid Wed 22 May - Tue 28 May 2024,NA,NA
Australian Fresh RSPCA Approved Chicken Drumsticks Bulk Pack,$4.00,,,$4.50,Was,$4.50,Offer valid Wed 22 May - Tue 28 May 2024,NA,NA
Woolworths Meatball Varieties 400g,$6.00,,,$8.00,Range was,$8.00,Offer valid Wed 22 May - Tue 28 May 2024,$15 per kg,NA
Woolworths Australian BBQ Angus Beef Burgers Sea Salt & Pepper 450g,$9.00,,,NA,NA,NA,Offer valid Wed 22 May - Tue 28 May 2024,$20 per kg,NA
NEW Woolworths COOK Slow Cooked Traditional Beef Roast with Garlic & Herb 650g,$13.50,,,$15.00,Introductory price,$15.00,Offer valid Wed 22 May - Tue 28 May 2024,$20.77 per kg,NA
NEW Woolworths COOK Slow Cooked Italian Style Chicken in Tomato Sauce 700g with RSPCA Approved Chicken,$11.50,,,$13.00,Introductory price,$13.00,Offer valid Wed 22 May - Tue 28 May 2024,$16.43 per kg,NA
NEW Peppercorn Extra Lean Meatballs 450g,$9.00,,,$10.00,Introductory price,$10.00,Offer valid Wed 22 May - Tue 28 May 2024,$20 per kg,NA
NEW Woolworths COOK Slow Cooked Meatballs in Rich Tomato Sauce 800g,$11.50,,,$13.00,Introductory price,$13.00,Offer valid Wed 22 May - Tue 28 May 2024,$14.38 per kg,NA
NEW Macro Grass Fed Meatballs 420g,$7.50,,,$8.50,Introductory price,$8.50,Offer valid Wed 22 May - Tue 28 May 2024,$17.86 per kg,NA
NEW Woolworths Beef Family Roast,$15.50,,,$17.50,Introductory price,$17.50,Offer valid Wed 22 May - Tue 28 May 2024,NA,NA
Australian Fresh RSPCA Approved Chicken Breast Fillets Bulk Tray – From the Meat Dept,$9.00,,,$2.00,Save,$2.00,Offer valid Wed 22 May - Tue 28 May 2024,NA,NA
Hercules Sandwich Bag Click Zip Pk 40,$1.85,,,$0.50,Save,$0.50,Offer valid Wed 22 May - Tue 28 May 2024,5¢ per ea,NA
Vitapet Jerhigh Tenders 200g,$10.15,,,$4.35,"30% off, Save",$4.35,Offer valid Wed 22 May - Tue 28 May 2024,$5.08 per 100g,NA
Vitapet Jerhigh Tenders 80-100g,$6.30,,,$2.70,"30% off, Save",$2.70,Offer valid Wed 22 May - Tue 28 May 2024,NA,NA
Vitapet Dry Dog Food 3 kg,$19.25,,,$8.25,"30% off, Save",$8.25,Offer valid Wed 22 May - Tue 28 May 2024,64¢ per 100g,NA
Vitapet Wet Dog Food 100g,$1.45,,,$0.65,"30% off, Save",$0.65,Offer valid Wed 22 May - Tue 28 May 2024,$1.45 per 100g,NA
Ultimates Wet Dog Food Pk 6 x 100g,$6.40,,,$2.80,"30% off, Save",$2.80,Offer valid Wed 22 May - Tue 28 May 2024,$1.07 per 100g,NA
Ultimates Wet Dog Food 400g,$2.00,,,$0.90,"30% off, Save",$0.90,Offer valid Wed 22 May - Tue 28 May 2024,50¢ per 100g,NA
Ultimates Dry Dog Food 1 kg,$6.00,,,$3.00,"30% off, Save",$3.00,Offer valid Wed 22 May - Tue 28 May 2024,60¢ per 100g,NA
Ultimates Wet Cat Food 85g,$1.40,,,$0.60,"30% off, Save",$0.60,Offer valid Wed 22 May - Tue 28 May 2024,$1.65 per 100g,NA
Gourmet Delight Wet Cat Food Pk 12 x 80g,$9.60,,,$2.40,Save,$2.40,Offer valid Wed 22 May - Tue 28 May 2024,$1 per 100g,NA
Breeder’s Choice Paper Cat Litter 24 Litre,$24.00,,,$6.00,Save,$6.00,Offer valid Wed 22 May - Tue 28 May 2024,$1 per litre,NA
Whiskas Dry Cat Food 800g,$4.50,,,$2.00,Save,$2.00,Offer valid Wed 22 May - Tue 28 May 2024,56¢ per 100g,NA
Super Natural Dental Daily Chews 510g,$11.00,,,$8.00,"40% off, Save",$8.00,Offer valid Wed 22 May - Tue 28 May 2024,$2.16 per 100g,NA
Supercoat Dry Dog Food 2.6-2.8 kg,$14.00,,,$4.00,Save,$4.00,Offer valid Wed 22 May - Tue 28 May 2024,NA,NA
Thawed Extra Large Cooked Australian Tiger Prawns^,$28.00,,,$8.00,Save,$8.00,Offer valid Wed 22 May - Tue 28 May 2024,NA,NA
Fresh Tasmanian Atlantic Salmon Fillets Skin On,$38.00,,,$4.00,Save,$4.00,Offer valid Wed 22 May - Tue 28 May 2024,NA,NA
Just Caught Crumbed or Battered Frozen Seafood 500﻿﻿-800g – Excludes Just Caught Crunchy Battered Whiting Fillets 800g,$13.00,,,$14.00,Range was,$14.00,Offer valid Wed 22 May - Tue 28 May 2024,NA,NA
Energizer Max Plus AA or AAA Pk 10,$11.25,,,$11.25,"1/2 Price, Save",$11.25,Offer valid Wed 22 May - Tue 28 May 2024,$1.13 per ea,NA
Optus X Delight 2§,$99.00,,,$30.00,Save,$30.00,Offer valid Wed 22 May - Tue 28 May 2024,NA,NA
Optus $45 Starter Kit§,$17.00,,,$28.00,"Better than 1/2 Price, Save",$28.00,Offer valid Wed 22 May - Tue 28 May 2024,NA,NA
Telstra Moto e13†,$129.00,,,$20.00,Save,$20.00,Offer valid Wed 22 May - Tue 28 May 2024,NA,NA
Telstra Nokia C22¥,$149.00,,,$30.00,Save,$30.00,Offer valid Wed 22 May - Tue 28 May 2024,NA,NA
Telstra $55 Starter Pack¥,$27.00,,,$28.00,"1/2 Price, Save",$28.00,Offer valid Wed 22 May - Tue 28 May 2024,NA,NA
Telstra $35 Starter Pack†,$17.00,,,$18.00,"1/2 Price, Save",$18.00,Offer valid Wed 22 May - Tue 28 May 2024,NA,NA
Radox Shower Gel 1 Litre,$6.00,,,$6.00,"1/2 Price, Save",$6.00,Offer valid Wed 22 May - Tue 28 May 2024,60¢ per 100ml,NA
Sukin Body Wash 500ml,$4.95,,,$4.95,"1/2 Price, Save",$4.95,Offer valid Wed 22 May - Tue 28 May 2024,99¢ per 100ml,NA
My Soda Body Wash 500ml,$5.00,,,$5.00,"1/2 Price, Save",$5.00,Offer valid Wed 22 May - Tue 28 May 2024,$1 per 100ml,NA
Palmolive Skin Food Body Wash 1 Litre,$7.50,,,$7.50,"1/2 Price, Save",$7.50,Offer valid Wed 22 May - Tue 28 May 2024,75¢ per 100ml,NA
Dermeze Soap Free Body & Face Wash 1 Litre,$10.50,,,$10.50,"1/2 Price, Save",$10.50,Offer valid Wed 22 May - Tue 28 May 2024,$1.05 per 100ml,NA
Anihana Shower Steamer 50g,$2.50,,,$2.50,"1/2 Price, Save",$2.50,Offer valid Wed 22 May - Tue 28 May 2024,$5 per 100g,NA
Tena Plus Night Pants Pk 12,$15.30,,,$6.60,"30% off, Save",$6.60,Offer valid Wed 22 May - Tue 28 May 2024,$1.28 per ea,NA
Thanks To Nature Double Edge Safety Razor,$12.00,,,$12.00,"1/2 Price, Save",$12.00,Offer valid Wed 22 May - Tue 28 May 2024,NA,NA
Thanks To Nature Shampoo or Conditioner 500ml,$9.00,,,$9.00,"1/2 Price, Save",$9.00,Offer valid Wed 22 May - Tue 28 May 2024,$1.80 per 100ml,NA
TRESemme Shampoo or Conditioner 940ml,$8.00,,,$8.00,"1/2 Price, Save",$8.00,Offer valid Wed 22 May - Tue 28 May 2024,85¢ per 100ml,NA
Akin Shampoo or Conditioner 375ml,$10.00,,,$10.00,"1/2 Price, Save",$10.00,Offer valid Wed 22 May - Tue 28 May 2024,$2.67 per 100ml,NA
Toni & Guy Shampoo or Conditioner 600ml,$15.00,,,$15.00,"1/2 Price, Save",$15.00,Offer valid Wed 22 May - Tue 28 May 2024,$2.50 per 100ml,NA
Schick High Performance 6 Blade Razor Kit,$18.00,,,$18.00,"1/2 Price, Save",$18.00,Offer valid Wed 22 May - Tue 28 May 2024,NA,NA
Libra Ultra Thin Pads Pk 10-14,$3.50,,,$1.50,Save,$1.50,Offer valid Wed 22 May - Tue 28 May 2024,NA,NA
OC Naturals Body Wash 725ml,$4.00,,,$4.00,"1/2 Price, Save",$4.00,Offer valid Wed 22 May - Tue 28 May 2024,55¢ per 100ml,NA
Aveeno Daily Moisturising Body Wash 532ml,$8.25,,,$8.25,"1/2 Price, Save",$8.25,Offer valid Wed 22 May - Tue 28 May 2024,$1.55 per 100ml,NA
My Soda Body Wash Refill 700ml,$4.50,,,$4.50,"1/2 Price, Save",$4.50,Offer valid Wed 22 May - Tue 28 May 2024,64¢ per 100ml,NA
Palmolive Body Wash 1 Litre,$6.00,,,$6.00,"1/2 Price, Save",$6.00,Offer valid Wed 22 May - Tue 28 May 2024,60¢ per 100ml,NA
Colgate Total Advanced Toothpaste 200g~,$5.00,,,$5.00,"1/2 Price, Save",$5.00,Offer valid Wed 22 May - Tue 28 May 2024,$2.50 per 100g,NA
Oral-B 5 Way Clean Toothbrush Pk 3,$5.00,,,$5.00,"1/2 Price, Save",$5.00,Offer valid Wed 22 May - Tue 28 May 2024,$1.67 per ea,NA
TOM Organic Tampons Pk 16~,$4.20,,,$1.80,Save,$1.80,Offer valid Wed 22 May - Tue 28 May 2024,26¢ per ea,NA
Quilton Gold Toilet Paper Pk 12,$7.20,,,$3.10,Save,$3.10,Offer valid Wed 22 May - Tue 28 May 2024,43¢ per 100 sheets,NA
Palmolive Naturals Body Wash Shower Gel 1 Litre,$6.00,,,$6.00,"1/2 Price, Save",$6.00,Offer valid Wed 22 May - Tue 28 May 2024,60¢ per 100ml,NA
